date,"('retail/recreation',)","('grocery/pharmacy',)","('parks',)","('transit',)","('workplaces',)",C1,C2,C3,C4,C5,C6,C7,C8,H1,H2,H3,cum_cases,active_infections_resident,pos_rate
2020-02-15,-4.0,-2.0,20.0,-2.0,-9.0,3,0.0,0.0,0.0,0.0,0.0,0.0,0.0,0.0,0.0,0.0,0.0,0.0,0.0
2020-02-16,-4.0,-3.0,14.0,-4.0,-12.0,3,0.0,0.0,0.0,0.0,0.0,0.0,0.0,0.0,0.0,0.0,0.0,0.0,0.0
2020-02-17,-4.0,-4.0,8.0,-7.0,-16.0,3,0.0,0.0,0.0,0.0,0.0,0.0,0.0,0.0,0.0,0.0,0.0,0.0,0.0
2020-02-18,-5.0,-4.0,4.0,-9.0,-18.0,3,0.0,0.0,0.0,0.0,0.0,0.0,0.0,0.0,0.0,0.0,0.0,0.0,0.0
2020-02-19,-6.0,-5.0,3.0,-8.0,-20.0,3,0.0,0.0,0.0,0.0,0.0,0.0,0.0,0.0,0.0,0.0,0.0,0.0,0.0
2020-02-20,-6.0,-4.0,3.0,-6.0,-19.0,3,0.0,0.0,0.0,0.0,0.0,0.0,0.0,0.0,0.0,0.0,0.0,0.0,0.0
2020-02-21,-7.0,-3.0,6.0,-3.0,-16.0,3,0.0,0.0,0.0,0.0,0.0,0.0,0.0,0.0,0.0,0.0,0.0,0.0,0.0
2020-02-22,-6.0,-1.0,8.0,-0.0,-11.0,3,0.0,0.0,0.0,0.0,0.0,0.0,0.0,0.0,0.0,0.0,0.0,0.0,0.0
2020-02-23,-6.0,1.0,8.0,1.0,-7.0,3,0.0,0.0,0.0,0.0,0.0,0.0,0.0,0.0,0.0,0.0,0.0,0.0,0.0
2020-02-24,-5.0,2.0,8.0,1.0,-4.0,3,0.0,0.0,0.0,0.0,0.0,0.0,0.0,0.0,0.0,0.0,0.0,0.0,0.0
2020-02-25,-5.0,3.0,7.0,1.0,-2.0,3,0.0,0.0,0.0,0.0,0.0,0.0,0.0,0.0,0.0,0.0,0.0,0.0,0.0
2020-02-26,-4.0,4.0,6.0,1.0,-1.0,3,0.0,0.0,0.0,0.0,0.0,0.0,0.0,0.0,0.0,0.0,0.0,0.0,0.0
2020-02-27,-4.0,5.0,7.0,3.0,-1.0,3,0.0,0.0,0.0,0.0,0.0,0.0,0.0,0.0,0.0,0.0,0.0,0.0,0.0
2020-02-28,-4.0,7.0,5.0,5.0,-0.0,3,0.0,0.0,0.0,0.0,0.0,0.0,0.0,0.0,0.0,0.0,0.0,0.0,0.0
2020-02-29,-3.0,8.0,4.0,6.0,-0.0,3,0.0,0.0,0.0,0.0,0.0,0.0,0.0,0.0,0.0,0.0,1.0,1.0,1.0
2020-03-01,-3.0,9.0,3.0,6.0,-0.0,3,0.0,0.0,0.0,0.0,0.0,0.0,0.0,0.0,2.0,2.0,1.0,1.0,0.0
2020-03-02,-3.0,9.0,1.0,4.0,-0.0,3,0.0,0.0,0.0,0.0,0.0,0.0,0.0,0.0,2.0,2.0,1.0,1.0,0.0
2020-03-03,-3.0,7.0,0.0,2.0,0.0,3,0.0,0.0,0.0,0.0,0.0,0.0,0.0,0.0,2.0,2.0,1.0,1.0,0.0
2020-03-04,-3.0,6.0,3.0,1.0,0.0,3,0.0,0.0,0.0,0.0,0.0,0.0,0.0,0.0,2.0,2.0,1.0,1.0,0.0
2020-03-05,-2.0,6.0,6.0,1.0,0.0,3,0.0,0.0,0.0,0.0,0.0,0.0,0.0,2.0,2.0,2.0,2.0,2.0,0.2
2020-03-06,-2.0,6.0,9.0,1.0,0.0,3,0.0,0.0,0.0,0.0,0.0,0.0,0.0,2.0,2.0,2.0,2.0,2.0,0.0
2020-03-07,-1.0,6.0,11.0,1.0,-0.0,3,0.0,0.0,0.0,0.0,0.0,0.0,0.0,2.0,2.0,2.0,3.0,3.0,0.16666666666666666
2020-03-08,-2.0,7.0,11.0,0.0,-1.0,3,0.0,0.0,0.0,0.0,0.0,0.0,0.0,2.0,2.0,2.0,3.0,3.0,0.0
2020-03-09,-3.0,9.0,8.0,-1.0,-1.0,3,0.0,1.0,2.0,0.0,0.0,0.0,0.0,2.0,2.0,2.0,3.0,3.0,0.0
2020-03-10,-5.0,13.0,4.0,-3.0,-2.0,3,0.0,1.0,2.0,0.0,0.0,0.0,0.0,2.0,2.0,2.0,3.0,3.0,0.0
2020-03-11,-8.0,16.0,1.0,-6.0,-3.0,3,0.0,1.0,2.0,0.0,0.0,0.0,0.0,2.0,2.0,2.0,4.0,4.0,0.029411764705882353
2020-03-12,-12.0,19.0,4.0,-8.0,-5.0,3,1.0,1.0,2.0,1.0,0.0,0.0,0.0,2.0,1.0,2.0,17.0,17.0,0.07602339181286549
2020-03-13,-18.0,19.0,8.0,-11.0,-9.0,3,1.0,2.0,4.0,1.0,0.0,0.0,0.0,2.0,1.0,2.0,39.0,38.0,0.12021857923497267
2020-03-14,-27.0,17.0,12.0,-16.0,-16.0,3,1.0,2.0,4.0,1.0,0.0,0.0,0.0,2.0,1.0,2.0,57.0,56.0,0.1956521739130435
2020-03-15,-37.0,12.0,11.0,-23.0,-25.0,3,1.0,2.0,4.0,1.0,0.0,2.0,0.0,2.0,1.0,2.0,57.0,56.0,0.0
2020-03-16,-48.0,5.0,5.0,-32.0,-37.0,0,3.0,2.0,4.0,1.0,0.0,2.0,0.0,2.0,1.0,2.0,89.0,88.0,0.0893854748603352
2020-03-17,-58.0,-4.0,-6.0,-42.0,-48.0,0,3.0,2.0,4.0,1.0,2.0,2.0,0.0,2.0,1.0,2.0,198.0,195.0,0.18825561312607944
2020-03-18,-67.0,-13.0,-20.0,-51.0,-57.0,0,3.0,2.0,4.0,1.0,2.0,2.0,0.0,2.0,1.0,2.0,346.0,343.0,0.16799091940976163
2020-03-19,-75.0,-24.0,-34.0,-60.0,-62.0,0,3.0,2.0,4.0,1.0,2.0,2.0,0.0,2.0,1.0,2.0,482.0,478.0,0.1509433962264151
2020-03-20,-79.0,-33.0,-42.0,-65.0,-65.0,0,3.0,2.0,4.0,1.0,2.0,2.0,0.0,2.0,1.0,2.0,650.0,644.0,0.16884422110552763
2020-03-21,-82.0,-40.0,-46.0,-69.0,-66.0,0,3.0,2.0,4.0,1.0,2.0,2.0,0.0,2.0,1.0,2.0,769.0,762.0,0.271689497716895
2020-03-22,-83.0,-43.0,-47.0,-71.0,-68.0,0,3.0,2.0,4.0,1.0,2.0,2.0,0.0,2.0,1.0,2.0,790.0,783.0,1.0
2020-03-23,-83.0,-43.0,-47.0,-72.0,-70.0,0,3.0,2.0,4.0,1.0,2.0,2.0,0.0,2.0,1.0,2.0,1009.0,1002.0,0.1983695652173913
2020-03-24,-82.0,-41.0,-46.0,-73.0,-73.0,0,3.0,2.0,4.0,1.0,2.0,2.0,0.0,2.0,1.0,2.0,1182.0,1175.0,0.19548022598870057
2020-03-25,-82.0,-39.0,-44.0,-73.0,-74.0,0,3.0,2.0,4.0,1.0,2.0,2.0,0.0,2.0,1.0,2.0,1331.0,1319.0,0.16555555555555557
2020-03-26,-83.0,-40.0,-44.0,-73.0,-73.0,0,3.0,2.0,4.0,1.0,2.0,2.0,0.0,2.0,1.0,2.0,1532.0,1519.0,0.04380039224231859
2020-03-27,-83.0,-42.0,-44.0,-73.0,-71.0,0,3.0,2.0,4.0,1.0,2.0,2.0,0.0,2.0,1.0,2.0,1685.0,1656.0,0.14153561517113783
2020-03-28,-83.0,-44.0,-44.0,-73.0,-70.0,0,3.0,2.0,4.0,1.0,2.0,2.0,0.0,2.0,1.0,2.0,1782.0,1728.0,0.11771844660194175
2020-03-29,-83.0,-45.0,-45.0,-73.0,-70.0,0,3.0,2.0,4.0,1.0,2.0,2.0,0.0,2.0,1.0,2.0,1815.0,1740.0,0.12087912087912088
2020-03-30,-83.0,-44.0,-45.0,-73.0,-71.0,0,3.0,2.0,4.0,1.0,2.0,2.0,0.0,2.0,1.0,2.0,1952.0,1876.0,0.12732342007434944
2020-03-31,-82.0,-41.0,-46.0,-73.0,-73.0,0,3.0,2.0,4.0,1.0,2.0,2.0,0.0,2.0,1.0,2.0,2038.0,1929.0,0.09188034188034189
2020-04-01,-82.0,-39.0,-45.0,-73.0,-74.0,0,3.0,2.0,4.0,1.0,2.0,2.0,0.0,2.0,1.0,2.0,2157.0,1958.0,0.10084745762711865
2020-04-02,-82.0,-40.0,-41.0,-72.0,-72.0,0,3.0,2.0,4.0,1.0,2.0,2.0,0.0,2.0,1.0,2.0,2266.0,1931.0,0.08128262490678598
2020-04-03,-82.0,-42.0,-37.0,-71.0,-70.0,0,3.0,2.0,4.0,1.0,2.0,2.0,0.0,2.0,1.0,2.0,2353.0,1891.0,0.0717230008244023
2020-04-04,-82.0,-44.0,-33.0,-70.0,-69.0,0,3.0,2.0,4.0,1.0,2.0,2.0,0.0,2.0,1.0,2.0,2412.0,1790.0,0.07168894289185905
2020-04-05,-81.0,-44.0,-29.0,-70.0,-68.0,0,3.0,2.0,4.0,1.0,2.0,2.0,0.0,2.0,1.0,2.0,2443.0,1708.0,0.056261343012704176
2020-04-06,-80.0,-42.0,-28.0,-70.0,-70.0,0,3.0,2.0,4.0,1.0,2.0,2.0,0.0,2.0,1.0,2.0,2502.0,1751.0,0.05624404194470925
2020-04-07,-79.0,-37.0,-27.0,-70.0,-72.0,0,3.0,2.0,4.0,1.0,2.0,2.0,0.0,2.0,1.0,2.0,2563.0,1619.0,0.059803921568627454
2020-04-08,-78.0,-33.0,-28.0,-70.0,-73.0,0,3.0,2.0,4.0,1.0,2.0,2.0,0.0,2.0,1.0,2.0,2627.0,1524.0,0.06866952789699571
2020-04-09,-79.0,-32.0,-28.0,-70.0,-72.0,0,3.0,2.0,4.0,1.0,2.0,2.0,0.0,2.0,1.0,2.0,2684.0,1444.0,0.0660486674391657
2020-04-10,-81.0,-40.0,-28.0,-71.0,-71.0,0,3.0,2.0,4.0,1.0,2.0,2.0,0.0,2.0,1.0,2.0,2719.0,1301.0,0.05065123010130246
2020-04-11,-82.0,-46.0,-28.0,-71.0,-71.0,0,3.0,2.0,4.0,1.0,2.0,2.0,0.0,2.0,1.0,2.0,2726.0,1167.0,0.022653721682847898
2020-04-12,-83.0,-52.0,-29.0,-72.0,-71.0,0,3.0,2.0,4.0,1.0,2.0,2.0,0.0,2.0,1.0,2.0,2738.0,1085.0,0.057692307692307696
2020-04-13,-83.0,-52.0,-30.0,-72.0,-73.0,0,3.0,2.0,4.0,1.0,2.0,2.0,0.0,2.0,1.0,2.0,2741.0,1058.0,0.036585365853658534
2020-04-14,-82.0,-47.0,-31.0,-72.0,-74.0,0,3.0,2.0,4.0,1.0,2.0,2.0,0.0,2.0,1.0,2.0,2800.0,984.0,0.043065693430656936
2020-04-15,-81.0,-40.0,-30.0,-71.0,-73.0,0,3.0,2.0,4.0,1.0,2.0,2.0,0.0,2.0,1.0,2.0,2833.0,929.0,0.03909952606635071
2020-04-16,-81.0,-36.0,-28.0,-69.0,-70.0,0,3.0,2.0,4.0,1.0,2.0,2.0,0.0,2.0,1.0,2.0,2858.0,840.0,0.026096033402922755
2020-04-17,-81.0,-36.0,-25.0,-67.0,-65.0,0,3.0,2.0,4.0,1.0,2.0,2.0,0.0,2.0,1.0,2.0,2902.0,784.0,0.042801556420233464
2020-04-18,-80.0,-42.0,-23.0,-66.0,-63.0,0,3.0,2.0,4.0,1.0,2.0,2.0,0.0,2.0,1.0,2.0,2917.0,709.0,0.028409090909090908
2020-04-19,-79.0,-45.0,-21.0,-65.0,-61.0,0,3.0,2.0,4.0,1.0,2.0,2.0,0.0,2.0,1.0,2.0,2920.0,650.0,0.015706806282722512
2020-04-20,-76.0,-46.0,-21.0,-64.0,-61.0,0,3.0,2.0,4.0,1.0,1.0,1.0,0.0,2.0,1.0,2.0,2935.0,625.0,0.016094420600858368
2020-04-21,-74.0,-45.0,-20.0,-64.0,-63.0,0,3.0,2.0,4.0,1.0,1.0,1.0,0.0,2.0,1.0,2.0,2959.0,583.0,0.031914893617021274
2020-04-22,-73.0,-41.0,-19.0,-63.0,-63.0,0,3.0,2.0,4.0,1.0,1.0,1.0,0.0,2.0,1.0,2.0,2968.0,536.0,0.007901668129938543
2020-04-23,-73.0,-39.0,-15.0,-62.0,-61.0,0,3.0,2.0,4.0,1.0,1.0,1.0,0.0,2.0,1.0,2.0,2984.0,486.0,0.020278833967046894
2020-04-24,-73.0,-41.0,-10.0,-60.0,-58.0,0,3.0,2.0,4.0,1.0,1.0,1.0,0.0,2.0,1.0,2.0,3001.0,450.0,0.012967200610221205
2020-04-25,-73.0,-42.0,-7.0,-60.0,-56.0,0,3.0,2.0,4.0,1.0,1.0,1.0,0.0,2.0,1.0,2.0,3013.0,414.0,0.019769357495881382
2020-04-26,-73.0,-43.0,-7.0,-59.0,-56.0,0,3.0,2.0,4.0,1.0,1.0,1.0,0.0,2.0,1.0,2.0,3018.0,408.0,0.03787878787878788
2020-04-27,-71.0,-41.0,-13.0,-59.0,-57.0,0,3.0,2.0,4.0,1.0,1.0,1.0,0.0,2.0,1.0,2.0,3027.0,405.0,0.011857707509881422
2020-04-28,-71.0,-42.0,-21.0,-61.0,-61.0,0,3.0,2.0,4.0,1.0,1.0,1.0,0.0,2.0,1.0,2.0,3044.0,410.0,0.009860788863109048
2020-04-29,-71.0,-41.0,-30.0,-63.0,-64.0,0,3.0,2.0,4.0,1.0,1.0,1.0,0.0,2.0,1.0,2.0,3054.0,355.0,0.005302226935312832
2020-04-30,-73.0,-43.0,-35.0,-65.0,-64.0,0,3.0,2.0,4.0,1.0,1.0,1.0,0.0,2.0,1.0,2.0,3066.0,329.0,0.0061068702290076335
2020-05-01,-73.0,-47.0,-34.0,-65.0,-62.0,0,3.0,2.0,4.0,1.0,1.0,1.0,0.0,2.0,1.0,2.0,3073.0,304.0,0.005025125628140704
2020-05-02,-73.0,-48.0,-29.0,-64.0,-59.0,0,3.0,2.0,4.0,1.0,1.0,1.0,0.0,2.0,1.0,2.0,3077.0,257.0,0.0057553956834532375
2020-05-03,-71.0,-46.0,-22.0,-61.0,-56.0,0,3.0,2.0,4.0,1.0,1.0,1.0,0.0,2.0,1.0,2.0,3081.0,241.0,0.016877637130801686
2020-05-04,-68.0,-42.0,-15.0,-58.0,-55.0,1,3.0,2.0,4.0,1.0,1.0,1.0,0.0,2.0,1.0,2.0,3092.0,248.0,0.010628019323671498
2020-05-05,-64.0,-34.0,-10.0,-55.0,-55.0,1,3.0,2.0,4.0,1.0,1.0,1.0,0.0,2.0,1.0,2.0,3100.0,231.0,0.006259780907668232
2020-05-06,-65.0,-35.0,-7.0,-54.0,-56.0,1,3.0,2.0,4.0,1.0,1.0,1.0,0.0,2.0,1.0,2.0,3106.0,207.0,0.0041928721174004195
2020-05-07,-66.0,-35.0,-8.0,-55.0,-55.0,1,3.0,2.0,4.0,1.0,1.0,1.0,0.0,2.0,1.0,2.0,3111.0,201.0,0.0037907505686125853
2020-05-08,-67.0,-38.0,-10.0,-55.0,-53.0,1,3.0,2.0,4.0,1.0,1.0,1.0,0.0,2.0,1.0,2.0,3114.0,180.0,0.0022813688212927757
2020-05-09,-67.0,-39.0,-11.0,-55.0,-50.0,1,3.0,2.0,4.0,1.0,1.0,1.0,0.0,2.0,1.0,2.0,3122.0,165.0,0.01094391244870041
2020-05-10,-64.0,-36.0,-12.0,-54.0,-48.0,1,3.0,2.0,4.0,1.0,1.0,1.0,0.0,2.0,1.0,2.0,3123.0,152.0,0.0047169811320754715
2020-05-11,-59.0,-32.0,-12.0,-51.0,-47.0,1,1.0,2.0,3.0,1.0,1.0,1.0,0.0,2.0,3.0,2.0,3127.0,148.0,0.0038131553860819827
2020-05-12,-55.0,-27.0,-8.0,-49.0,-47.0,1,1.0,2.0,3.0,1.0,1.0,1.0,0.0,2.0,3.0,2.0,3134.0,138.0,0.005025125628140704
2020-05-13,-51.0,-21.0,-1.0,-46.0,-46.0,1,1.0,2.0,3.0,1.0,1.0,1.0,0.0,2.0,3.0,2.0,3143.0,126.0,0.007462686567164179
2020-05-14,-51.0,-21.0,11.0,-43.0,-43.0,1,1.0,2.0,3.0,1.0,1.0,1.0,0.0,2.0,3.0,2.0,3146.0,118.0,0.002320185614849188
2020-05-15,-52.0,-21.0,22.0,-42.0,-40.0,1,1.0,2.0,3.0,1.0,1.0,1.0,0.0,2.0,3.0,2.0,3151.0,108.0,0.00392156862745098
2020-05-16,-52.0,-22.0,31.0,-41.0,-37.0,1,1.0,2.0,3.0,1.0,1.0,1.0,0.0,2.0,3.0,2.0,3161.0,109.0,0.009852216748768473
2020-05-17,-51.0,-20.0,36.0,-40.0,-37.0,1,1.0,2.0,3.0,1.0,1.0,1.0,0.0,2.0,3.0,2.0,3162.0,106.0,0.006666666666666667
2020-05-18,-51.0,-21.0,42.0,-42.0,-42.0,1,1.0,2.0,3.0,1.0,1.0,1.0,0.0,2.0,3.0,2.0,3174.0,113.0,0.012084592145015106
2020-05-19,-51.0,-22.0,44.0,-44.0,-47.0,1,1.0,2.0,3.0,1.0,1.0,1.0,0.0,2.0,3.0,2.0,3181.0,104.0,0.0065420560747663555
2020-05-20,-52.0,-23.0,41.0,-47.0,-52.0,1,1.0,2.0,3.0,1.0,1.0,1.0,0.0,2.0,3.0,2.0,3188.0,101.0,0.004626569729015202
2020-05-21,-54.0,-24.0,39.0,-49.0,-52.0,1,1.0,2.0,3.0,1.0,1.0,1.0,0.0,2.0,3.0,2.0,3188.0,96.0,0.0
2020-05-22,-55.0,-25.0,35.0,-49.0,-48.0,1,1.0,2.0,3.0,1.0,1.0,1.0,0.0,2.0,3.0,2.0,3197.0,100.0,0.00749375520399667
2020-05-23,-54.0,-24.0,30.0,-47.0,-42.0,1,1.0,2.0,3.0,1.0,1.0,1.0,0.0,2.0,3.0,2.0,3199.0,94.0,0.0016501650165016502
2020-05-24,-52.0,-23.0,27.0,-44.0,-38.0,1,1.0,2.0,3.0,1.0,1.0,1.0,0.0,2.0,3.0,2.0,3200.0,86.0,0.010638297872340425
2020-05-25,-46.0,-18.0,25.0,-40.0,-34.0,1,1.0,1.0,3.0,1.0,1.0,1.0,0.0,2.0,3.0,2.0,3202.0,86.0,0.0021164021164021165
2020-05-26,-42.0,-16.0,31.0,-37.0,-34.0,1,1.0,1.0,3.0,1.0,1.0,1.0,0.0,2.0,3.0,2.0,3207.0,87.0,0.0037593984962406013
2020-05-27,-38.0,-14.0,41.0,-35.0,-33.0,1,1.0,1.0,3.0,1.0,1.0,1.0,0.0,2.0,3.0,2.0,3208.0,81.0,0.0008298755186721991
2020-05-28,-35.0,-10.0,54.0,-32.0,-29.0,1,1.0,1.0,3.0,1.0,1.0,1.0,0.0,2.0,3.0,2.0,3211.0,75.0,0.0015007503751875938
2020-05-29,-36.0,-14.0,73.0,-33.0,-28.0,1,1.0,1.0,3.0,1.0,1.0,1.0,0.0,2.0,3.0,2.0,3214.0,74.0,0.0013611615245009074
2020-05-30,-36.0,-16.0,88.0,-33.0,-28.0,1,1.0,1.0,3.0,1.0,1.0,1.0,0.0,2.0,3.0,2.0,3216.0,70.0,0.000992063492063492
2020-05-31,-36.0,-20.0,94.0,-35.0,-32.0,1,1.0,1.0,3.0,1.0,1.0,1.0,0.0,2.0,3.0,2.0,3216.0,60.0,0.0
2020-06-01,-35.0,-21.0,86.0,-36.0,-38.0,1,1.0,1.0,3.0,1.0,1.0,1.0,0.0,2.0,3.0,2.0,3217.0,59.0,0.0023752969121140144
2020-06-02,-33.0,-20.0,65.0,-38.0,-42.0,1,1.0,1.0,3.0,1.0,1.0,1.0,0.0,2.0,3.0,2.0,3219.0,47.0,0.001257071024512885
2020-06-03,-32.0,-17.0,42.0,-38.0,-43.0,1,1.0,1.0,3.0,1.0,1.0,1.0,0.0,2.0,3.0,2.0,3221.0,41.0,0.0011467889908256881
2020-06-04,-31.0,-14.0,23.0,-38.0,-38.0,1,1.0,1.0,3.0,1.0,1.0,1.0,0.0,2.0,3.0,2.0,3225.0,34.0,0.0023880597014925373
2020-06-05,-30.0,-12.0,14.0,-36.0,-30.0,1,1.0,1.0,3.0,1.0,1.0,1.0,0.0,2.0,3.0,2.0,3226.0,35.0,0.00034818941504178273
2020-06-06,-30.0,-14.0,15.0,-35.0,-25.0,1,1.0,1.0,3.0,1.0,1.0,1.0,0.0,2.0,3.0,2.0,3228.0,27.0,0.001098297638660077
2020-06-07,-30.0,-15.0,18.0,-35.0,-23.0,1,1.0,1.0,3.0,1.0,1.0,1.0,0.0,2.0,3.0,2.0,3229.0,26.0,0.001976284584980237
2020-06-08,-28.0,-14.0,24.0,-34.0,-25.0,1,1.0,1.0,3.0,1.0,1.0,1.0,0.0,2.0,3.0,2.0,3233.0,29.0,0.0017817371937639199
2020-06-09,-26.0,-13.0,30.0,-33.0,-28.0,1,1.0,1.0,3.0,1.0,1.0,1.0,0.0,2.0,3.0,2.0,3236.0,29.0,0.001152073732718894
2020-06-10,-25.0,-11.0,39.0,-32.0,-29.0,1,1.0,1.0,3.0,1.0,1.0,1.0,0.0,2.0,3.0,2.0,3240.0,28.0,0.0008910670527957229
2020-06-11,-24.0,-9.0,47.0,-31.0,-26.0,1,1.0,1.0,3.0,0.0,1.0,1.0,0.0,2.0,3.0,2.0,3241.0,27.0,0.00024832381425378696
2020-06-12,-23.0,-8.0,56.0,-30.0,-21.0,1,1.0,1.0,3.0,0.0,1.0,1.0,0.0,2.0,3.0,2.0,3243.0,26.0,0.0003361344537815126
2020-06-13,-22.0,-8.0,61.0,-29.0,-17.0,1,1.0,1.0,3.0,0.0,1.0,1.0,0.0,2.0,3.0,2.0,3251.0,29.0,0.002372479240806643
2020-06-14,-22.0,-9.0,57.0,-28.0,-16.0,1,1.0,1.0,3.0,0.0,1.0,1.0,0.0,2.0,3.0,2.0,3253.0,29.0,0.003003003003003003
2020-06-15,-21.0,-9.0,51.0,-28.0,-20.0,1,1.0,1.0,3.0,0.0,1.0,1.0,0.0,2.0,3.0,2.0,3258.0,34.0,0.0010451505016722408
2020-06-16,-21.0,-9.0,47.0,-27.0,-24.0,1,1.0,1.0,3.0,0.0,1.0,1.0,0.0,2.0,3.0,2.0,3265.0,39.0,0.0014459822350753977
2020-06-17,-20.0,-9.0,48.0,-26.0,-27.0,1,1.0,1.0,3.0,0.0,1.0,1.0,0.0,2.0,3.0,2.0,3266.0,37.0,0.00016017940092904052
2020-06-18,-20.0,-8.0,58.0,-25.0,-25.0,1,1.0,1.0,3.0,0.0,1.0,1.0,0.0,2.0,3.0,2.0,3272.0,41.0,0.0009738678785911378
2020-06-19,-18.0,-7.0,72.0,-23.0,-21.0,1,1.0,1.0,3.0,0.0,1.0,1.0,0.0,2.0,3.0,2.0,3281.0,43.0,0.0013235294117647058
2020-06-20,-20.0,-12.0,87.0,-25.0,-23.0,1,1.0,1.0,3.0,0.0,1.0,1.0,0.0,2.0,3.0,2.0,3294.0,53.0,0.0024060707014621507
2020-06-21,-21.0,-15.0,96.0,-27.0,-27.0,1,1.0,1.0,3.0,0.0,1.0,1.0,0.0,2.0,3.0,2.0,3294.0,52.0,0.0
2020-06-22,-23.0,-18.0,96.0,-29.0,-33.0,1,1.0,1.0,3.0,0.0,1.0,1.0,0.0,2.0,3.0,2.0,3306.0,64.0,0.001979871308364956
2020-06-23,-24.0,-20.0,90.0,-31.0,-38.0,1,1.0,1.0,3.0,0.0,1.0,1.0,0.0,2.0,3.0,2.0,3308.0,62.0,0.014388489208633094
2020-06-24,-24.0,-17.0,84.0,-30.0,-39.0,1,1.0,1.0,3.0,0.0,1.0,1.0,0.0,2.0,3.0,2.0,3321.0,72.0,0.0027771843623157445
2020-06-25,-21.0,-12.0,77.0,-27.0,-32.0,1,1.0,1.0,3.0,0.0,1.0,1.0,0.0,2.0,3.0,2.0,3340.0,84.0,0.0035978034463169852
2020-06-26,-18.0,-7.0,74.0,-23.0,-23.0,1,1.0,1.0,0.0,0.0,1.0,0.0,0.0,2.0,3.0,2.0,3381.0,123.0,0.006669920286318529
2020-06-27,-13.0,-1.0,71.0,-19.0,-16.0,1,1.0,1.0,0.0,0.0,1.0,0.0,0.0,2.0,3.0,2.0,3411.0,149.0,0.0054249547920434
2020-06-28,-12.0,-1.0,67.0,-19.0,-15.0,1,1.0,1.0,0.0,0.0,1.0,0.0,0.0,2.0,3.0,2.0,3421.0,151.0,0.010752688172043012
2020-06-29,-11.0,-1.0,61.0,-19.0,-17.0,2,1.0,1.0,0.0,0.0,1.0,0.0,0.0,2.0,3.0,2.0,3465.0,193.0,0.005092003240365698
2020-06-30,-11.0,-2.0,58.0,-19.0,-21.0,2,1.0,1.0,0.0,0.0,1.0,0.0,0.0,2.0,3.0,2.0,3489.0,213.0,0.0031027795733678085
2020-07-01,-12.0,-3.0,60.0,-18.0,-23.0,2,1.0,1.0,0.0,0.0,1.0,0.0,0.0,2.0,3.0,2.0,3540.0,258.0,0.005014256218660898
2020-07-02,-13.0,-4.0,67.0,-16.0,-22.0,2,1.0,1.0,0.0,0.0,1.0,0.0,0.0,2.0,3.0,2.0,3583.0,298.0,0.003879465896788163
2020-07-03,-13.0,-4.0,75.0,-14.0,-18.0,2,1.0,1.0,0.0,0.0,1.0,0.0,0.0,2.0,3.0,2.0,3611.0,319.0,0.002658564375237372
2020-07-04,-13.0,-4.0,83.0,-12.0,-16.0,2,1.0,1.0,0.0,0.0,1.0,0.0,0.0,2.0,3.0,2.0,3660.0,358.0,0.006287694084434749
2020-07-05,-13.0,-4.0,84.0,-12.0,-16.0,2,1.0,1.0,0.0,0.0,1.0,0.0,0.0,2.0,3.0,2.0,3672.0,357.0,0.011869436201780416
2020-07-06,-12.0,-4.0,84.0,-13.0,-19.0,2,1.0,1.0,0.0,0.0,1.0,0.0,0.0,2.0,3.0,2.0,3720.0,405.0,0.00481203007518797
2020-07-07,-12.0,-3.0,80.0,-15.0,-23.0,2,1.0,1.0,0.0,0.0,1.0,0.0,0.0,2.0,3.0,2.0,3772.0,444.0,0.005471956224350205
2020-07-08,-13.0,-3.0,84.0,-14.0,-24.0,2,1.0,1.0,0.0,0.0,1.0,0.0,0.0,2.0,3.0,2.0,3823.0,493.0,0.004504902393781468
2020-07-09,-13.0,-3.0,96.0,-12.0,-22.0,2,1.0,1.0,0.0,0.0,1.0,0.0,0.0,2.0,3.0,2.0,3858.0,515.0,0.0031737395719985493
2020-07-10,-13.0,-3.0,112.0,-9.0,-18.0,2,1.0,1.0,0.0,0.0,1.0,0.0,0.0,2.0,3.0,2.0,3914.0,551.0,0.010473162521039836
2020-07-11,-12.0,-2.0,126.0,-7.0,-15.0,2,1.0,1.0,0.0,0.0,1.0,0.0,0.0,2.0,3.0,2.0,3991.0,587.0,0.009994807892004154
2020-07-12,-11.0,-2.0,131.0,-8.0,-16.0,2,1.0,1.0,0.0,0.0,1.0,0.0,0.0,2.0,3.0,2.0,4018.0,584.0,0.005972130059721301
2020-07-13,-10.0,-1.0,124.0,-10.0,-20.0,2,1.0,1.0,0.0,0.0,1.0,0.0,0.0,2.0,3.0,2.0,4111.0,668.0,0.008948330607139421
2020-07-14,-10.0,-1.0,112.0,-14.0,-26.0,2,1.0,1.0,0.0,0.0,1.0,0.0,0.0,2.0,3.0,2.0,4163.0,677.0,0.004513105363652144
2020-07-15,-12.0,-2.0,104.0,-16.0,-29.0,2,1.0,1.0,0.0,0.0,1.0,0.0,0.0,2.0,3.0,2.0,4297.0,788.0,0.009394279304542905
2020-07-16,-14.0,-4.0,107.0,-15.0,-27.0,2,0.0,0.0,0.0,0.0,0.0,0.0,0.0,2.0,3.0,2.0,4403.0,843.0,0.007950198754968874
2020-07-17,-15.0,-5.0,122.0,-12.0,-24.0,2,0.0,0.0,0.0,0.0,0.0,0.0,0.0,2.0,3.0,2.0,4476.0,874.0,0.0050963418039653725
2020-07-18,-15.0,-6.0,142.0,-10.0,-21.0,0,0.0,0.0,0.0,0.0,0.0,0.0,0.0,2.0,3.0,2.0,4573.0,946.0,0.007691697724209024
2020-07-19,-14.0,-6.0,157.0,-10.0,-22.0,0,0.0,0.0,3.0,0.0,0.0,0.0,0.0,2.0,3.0,2.0,4600.0,927.0,0.008840864440078585
2020-07-20,-13.0,-6.0,162.0,-12.0,-26.0,0,0.0,0.0,3.0,0.0,0.0,0.0,0.0,2.0,3.0,2.0,4671.0,986.0,0.007353702744691869
2020-07-21,-13.0,-6.0,158.0,-15.0,-31.0,0,0.0,0.0,3.0,0.0,0.0,0.0,0.0,2.0,3.0,2.0,4784.0,1057.0,0.006969715660272621
2020-07-22,-13.0,-6.0,151.0,-16.0,-34.0,0,0.0,0.0,3.0,0.0,0.0,0.0,0.0,2.0,3.0,2.0,4861.0,1081.0,0.010909606120714083
2020-07-23,-15.0,-6.0,148.0,-13.0,-31.0,0,0.0,0.0,3.0,0.0,0.0,0.0,0.0,2.0,3.0,2.0,4946.0,1117.0,0.005616863807572854
2020-07-24,-16.0,-7.0,150.0,-9.0,-26.0,0,0.0,0.0,3.0,0.0,0.0,0.0,0.0,2.0,3.0,2.0,5067.0,1208.0,0.011538094784018309
2020-07-25,-16.0,-7.0,154.0,-6.0,-23.0,0,0.0,0.0,3.0,0.0,0.0,0.0,0.0,2.0,3.0,2.0,5142.0,1231.0,0.01240694789081886
2020-07-26,-15.0,-7.0,157.0,-5.0,-23.0,0,0.0,0.0,3.0,0.0,0.0,0.0,0.0,2.0,3.0,2.0,5182.0,1197.0,0.03813155386081983
2020-07-27,-14.0,-6.0,155.0,-7.0,-27.0,0,0.0,0.0,3.0,0.0,0.0,0.0,0.0,2.0,3.0,2.0,5215.0,1202.0,0.002310762551642042
2020-07-28,-14.0,-5.0,151.0,-11.0,-33.0,0,0.0,0.0,4.0,0.0,0.0,0.0,0.0,2.0,3.0,2.0,5353.0,1246.0,0.0164756446991404
2020-07-29,-15.0,-6.0,145.0,-14.0,-37.0,0,0.0,0.0,4.0,0.0,0.0,0.0,0.0,2.0,3.0,2.0,5420.0,1261.0,0.010076703263648668
2020-07-30,-16.0,-7.0,144.0,-13.0,-35.0,0,0.0,0.0,4.0,0.0,0.0,0.0,0.0,2.0,3.0,2.0,5488.0,1196.0,0.007026245091961149
2020-07-31,-18.0,-8.0,144.0,-11.0,-32.0,0,0.0,0.0,4.0,0.0,0.0,0.0,0.0,2.0,3.0,2.0,5566.0,1169.0,0.009043478260869564
2020-08-01,-19.0,-10.0,147.0,-10.0,-29.0,0,0.0,0.0,4.0,0.0,0.0,0.0,0.0,2.0,3.0,2.0,5614.0,1149.0,0.007815043959622273
2020-08-02,-18.0,-11.0,148.0,-11.0,-30.0,0,0.0,0.0,4.0,0.0,0.0,0.0,0.0,2.0,3.0,2.0,5621.0,1062.0,0.008158508158508158
2020-08-03,-18.0,-11.0,146.0,-14.0,-35.0,0,0.0,0.0,4.0,0.0,0.0,0.0,0.0,2.0,3.0,2.0,5670.0,1082.0,0.007933937823834197
2020-08-04,-17.0,-11.0,142.0,-19.0,-41.0,0,0.0,0.0,4.0,0.0,0.0,0.0,0.0,2.0,3.0,2.0,5749.0,1087.0,0.010198812290214304
2020-08-05,-19.0,-11.0,138.0,-21.0,-44.0,0,0.0,0.0,4.0,0.0,0.0,0.0,0.0,2.0,3.0,2.0,5803.0,1029.0,0.005405405405405406
2020-08-06,-21.0,-13.0,134.0,-21.0,-42.0,0,0.0,0.0,4.0,0.0,0.0,0.0,0.0,2.0,3.0,2.0,5836.0,986.0,0.005354535128995619
2020-08-07,-24.0,-14.0,133.0,-19.0,-37.0,0,0.0,1.0,4.0,0.0,1.0,0.0,0.0,2.0,3.0,2.0,5882.0,951.0,0.00669188245562991
2020-08-08,-25.0,-15.0,131.0,-17.0,-34.0,0,0.0,1.0,4.0,0.0,1.0,0.0,0.0,2.0,3.0,2.0,5911.0,863.0,0.004955570745044429
2020-08-09,-24.0,-15.0,126.0,-18.0,-34.0,0,0.0,1.0,4.0,0.0,1.0,0.0,0.0,2.0,3.0,2.0,5918.0,799.0,0.020289855072463767
2020-08-10,-23.0,-14.0,119.0,-21.0,-38.0,0,0.0,1.0,4.0,0.0,1.0,0.0,0.0,2.0,3.0,2.0,5943.0,779.0,0.004538028680341259
2020-08-11,-22.0,-13.0,112.0,-24.0,-44.0,0,0.0,1.0,4.0,0.0,1.0,0.0,0.0,2.0,3.0,2.0,5987.0,788.0,0.006705272782688205
2020-08-12,-24.0,-16.0,108.0,-26.0,-48.0,0,0.0,1.0,4.0,0.0,1.0,0.0,1.0,2.0,3.0,2.0,6042.0,707.0,0.011620536657511091
2020-08-13,-26.0,-19.0,109.0,-25.0,-47.0,0,0.0,1.0,4.0,0.0,1.0,0.0,1.0,2.0,3.0,2.0,6075.0,670.0,0.007144403550552067
2020-08-14,-28.0,-21.0,113.0,-21.0,-43.0,0,0.0,1.0,4.0,0.0,1.0,0.0,1.0,2.0,3.0,2.0,6101.0,628.0,0.0030985579787867956
2020-08-15,-29.0,-22.0,114.0,-19.0,-39.0,0,0.0,1.0,4.0,0.0,1.0,0.0,1.0,2.0,3.0,2.0,6116.0,564.0,0.005940594059405941
2020-08-16,-27.0,-20.0,112.0,-18.0,-38.0,0,0.0,1.0,4.0,0.0,1.0,0.0,1.0,2.0,3.0,2.0,6122.0,522.0,0.012448132780082987
2020-08-17,-25.0,-17.0,105.0,-21.0,-40.0,0,0.0,1.0,4.0,0.0,1.0,0.0,1.0,2.0,3.0,2.0,6145.0,534.0,0.0067428906479038405
2020-08-18,-23.0,-16.0,97.0,-24.0,-44.0,0,0.0,1.0,4.0,0.0,1.0,0.0,1.0,2.0,3.0,2.0,6203.0,536.0,0.010390541024722321
2020-08-19,-21.0,-13.0,93.0,-26.0,-45.0,0,0.0,1.0,4.0,0.0,1.0,0.0,1.0,2.0,3.0,2.0,6256.0,513.0,0.006180758017492711
2020-08-20,-23.0,-16.0,94.0,-25.0,-43.0,0,0.0,1.0,4.0,0.0,1.0,0.0,1.0,2.0,3.0,2.0,6315.0,518.0,0.011916784487982226
2020-08-21,-23.0,-17.0,98.0,-21.0,-37.0,0,0.0,1.0,4.0,0.0,1.0,0.0,3.0,2.0,3.0,2.0,6365.0,538.0,0.006390593047034765
2020-08-22,-23.0,-16.0,101.0,-18.0,-32.0,0,0.0,1.0,4.0,0.0,1.0,0.0,3.0,2.0,3.0,2.0,6384.0,504.0,0.003419726421886249
2020-08-23,-21.0,-15.0,98.0,-17.0,-31.0,0,0.0,1.0,4.0,0.0,1.0,0.0,3.0,2.0,3.0,2.0,6393.0,484.0,0.00910010111223458
2020-08-24,-19.0,-14.0,92.0,-18.0,-34.0,0,0.0,1.0,4.0,0.0,1.0,0.0,3.0,2.0,3.0,2.0,6421.0,508.0,0.010104655359076146
2020-08-25,-18.0,-13.0,84.0,-20.0,-39.0,0,1.0,1.0,4.0,0.0,1.0,0.0,3.0,2.0,3.0,2.0,6496.0,558.0,0.011210762331838564
2020-08-26,-17.0,-12.0,79.0,-21.0,-42.0,0,1.0,1.0,4.0,0.0,1.0,0.0,3.0,2.0,3.0,2.0,6547.0,567.0,0.008597437626432907
2020-08-27,-16.0,-10.0,80.0,-19.0,-39.0,0,1.0,1.0,4.0,0.0,1.0,0.0,3.0,2.0,3.0,2.0,6584.0,549.0,0.004570722668313774
2020-08-28,-15.0,-9.0,83.0,-16.0,-34.0,0,1.0,1.0,4.0,0.0,1.0,0.0,3.0,2.0,3.0,2.0,6629.0,562.0,0.006556899315168294
2020-08-29,-13.0,-7.0,84.0,-13.0,-31.0,0,1.0,1.0,4.0,0.0,1.0,0.0,3.0,2.0,3.0,2.0,6677.0,585.0,0.007249660172179429
2020-08-30,-12.0,-6.0,82.0,-12.0,-30.0,0,1.0,1.0,4.0,0.0,1.0,0.0,3.0,2.0,3.0,2.0,6681.0,572.0,0.0042417815482502655
2020-08-31,-11.0,-6.0,76.0,-14.0,-33.0,0,1.0,1.0,4.0,0.0,1.0,0.0,3.0,2.0,3.0,2.0,6705.0,590.0,0.004576659038901602
2020-09-01,-11.0,-7.0,74.0,-17.0,-38.0,0,1.0,1.0,4.0,0.0,1.0,0.0,3.0,2.0,3.0,2.0,6753.0,613.0,0.00479472580161822
2020-09-02,-13.0,-9.0,75.0,-18.0,-41.0,0,1.0,1.0,4.0,0.0,1.0,0.0,3.0,2.0,3.0,2.0,6813.0,614.0,0.007933359777865925
2020-09-03,-14.0,-11.0,83.0,-18.0,-39.0,0,1.0,1.0,4.0,0.0,1.0,0.0,3.0,2.0,3.0,2.0,6856.0,605.0,0.0058234019501625135
2020-09-04,-15.0,-11.0,94.0,-15.0,-34.0,0,1.0,1.0,4.0,0.0,1.0,0.0,3.0,2.0,3.0,2.0,6898.0,588.0,0.004557291666666667
2020-09-05,-14.0,-10.0,104.0,-13.0,-31.0,0,1.0,1.0,4.0,0.0,1.0,0.0,3.0,2.0,3.0,2.0,6952.0,591.0,0.007336956521739131
2020-09-06,-12.0,-9.0,107.0,-12.0,-30.0,0,1.0,1.0,4.0,0.0,1.0,0.0,3.0,2.0,3.0,2.0,6962.0,581.0,0.008756567425569177
2020-09-07,-10.0,-8.0,106.0,-13.0,-33.0,0,1.0,1.0,4.0,0.0,1.0,0.0,3.0,2.0,3.0,2.0,6976.0,585.0,0.0027195027195027195
2020-09-08,-9.0,-7.0,103.0,-14.0,-37.0,0,1.0,1.0,4.0,0.0,1.0,0.0,3.0,2.0,3.0,2.0,7024.0,607.0,0.004798560431870439
2020-09-09,-8.0,-7.0,101.0,-15.0,-41.0,0,1.0,1.0,4.0,0.0,1.0,0.0,3.0,2.0,3.0,2.0,7089.0,597.0,0.008396847952460922
2020-09-10,-8.0,-7.0,101.0,-16.0,-43.0,0,1.0,1.0,4.0,0.0,1.0,0.0,3.0,2.0,3.0,2.0,7159.0,613.0,0.007908710880126539
2020-09-11,-8.0,-7.0,104.0,-15.0,-43.0,0,1.0,1.0,4.0,0.0,1.0,0.0,3.0,2.0,3.0,2.0,7194.0,606.0,0.0035066626590521993
